trial_num,periodic,chosen_IOI,has_high_intensity,high_intensity_index,percentage_increase,intervals
0,True,0.25,False,,,"[0.25, 0.25, 0.25, 0.25, 0.25, 0.25, 0.25, 0.25, 0.25, 0.25, 0.25, 0.25, 0.25, 0.25]"
1,True,0.2,True,12,0.7425066366497718,"[0.2, 0.2, 0.2, 0.2, 0.2, 0.2, 0.2, 0.2, 0.2, 0.2, 0.2, 0.2, 0.2, 0.2]"
2,False,,True,14,0.71157386020313,"[0.35, 0.309, 0.167, 0.287, 0.142, 0.165, 0.318, 0.112, 0.327, 0.281, 0.132, 0.152, 0.372, 0.229]"
3,True,0.2,True,11,0.708468461098281,"[0.2, 0.2, 0.2, 0.2, 0.2, 0.2, 0.2, 0.2, 0.2, 0.2, 0.2, 0.2, 0.2, 0.2]"
4,False,,True,12,0.6751810560875239,"[0.127, 0.163, 0.104, 0.117, 0.104, 0.143, 0.172, 0.251, 0.264, 0.215, 0.277, 0.303, 0.205, 0.265]"
5,False,,False,,,"[0.18, 0.328, 0.143, 0.304, 0.209, 0.269, 0.234, 0.349, 0.311, 0.269, 0.345, 0.231, 0.101, 0.193]"
6,False,,False,,,"[0.201, 0.292, 0.118, 0.313, 0.18, 0.179, 0.294, 0.366, 0.207, 0.191, 0.304, 0.187, 0.155, 0.335]"
7,True,0.25,True,12,0.7373654641360977,"[0.25, 0.25, 0.25, 0.25, 0.25, 0.25, 0.25, 0.25, 0.25, 0.25, 0.25, 0.25, 0.25, 0.25]"
